{"cameraMode":{"drawMode":0,"name":"Shaded","section":"Shading Mode"},"sceneLighting":true,"audioPlay":false,"sceneViewState":{"showFog":true,"showMaterialUpdate":false,"showSkybox":true,"showFlares":true,"showImageEffects":true,"showParticleSystems":true},"in2DMode":false,"pivot":{"x":-17.363128662109376,"y":0.6638202667236328,"z":9.99526596069336},"rotation":{"x":0.09660980850458145,"y":-0.5646377801895142,"z":0.06611830741167069,"w":0.8172619342803955},"size":17.475900650024415,"orthographic":false}